timpo	
nedfrench	
mr.gromov.vitaly	
ldatook	
v.galichin	
sa.igor.it	
kolya.by	
iliasus	
cawich	
iamsasha1991	
dkgrafeve	
potorochin.v	
developermsv	
michall-alter	
izbrodin90	
yaroslav.ivchenkov	
hiryanov	
mysj4000	
esalex94	
artemking2008	
temnjakovn	
striker.kms	
baglyuk.alexandr	
s.kutcher	
egor.vasilenko	
fataliti23	
afti	
kolodka.99	
tosha170	
danya.yatsik	
aleksandserdjuk	
yusupovsergey	
evgentrofi	
ostretsovaa	
sig5	
kontrmail	
serhii.tatarinov	
cool-grey-squirrel	
mitrodorov01	
asgenum1	
haritonovd	
martinstein90	
taranenkoant	
alex536846	
k.dukhnay	
eai_bat	
iv.masterov	
maxim06122000	
NIKbali	
leah	
bb26106	
pixarvv	
vladimir.edelman	
lesnikovpavel	
antitol	
aleksander.krasnoff2013	
komochek32	
79835070975	
stanlad	
gvg2000	
bothisava	
lolwoot.lolwoot	
chuggachuggachu	
slpetska	
antonsiluyanov	
vinsler	
alex3ee	
srgmatveev	
malei-ka	
sk8erdan	
jackhares.mai	
dm.d.davydov	
majkovsky	
maksimow.dmitrij	
dralina42	
das.ogi4i	
delpik	
kupidarom.kz	
igorpekarskij.brest	
yurlov43	
weap0n001	
sougstron	
vasilvix	
eill	
lelltim3	
begex	
m4study	
osipovs	
dookym	
eslbat	
eorlyans	
iosif88	
ikon	
egor.kuts2016	
mushnikovis	
zaoroman	
george.mukhammed	
rabbit9999.kms	
slayer_89	
politexnik	
xgrothx	
aivanov023	
alexeypopchenko	
denis.bubnov	
nemanovich	
a.poskrebyshev	
Lisa2k4	
13071989	
dmwm88	
vivgneva	
putrify	
961virus	
novikov.inbox	
filin51	
rudakov-sv	
dorupr2	
mirjalolovabbos	
TamerlanKunakbaev	
GyrSergey	
ms.samename	
malik.kukezhanov	
tik-tak-ololo	
sizikoffps	
jurupupu	
oibuchnev	
rodion.kir	
bru.zassik	
doctorHarperjr	
mibir85	
alexey.saul	
mvgrass	
5807469+demonolock	
izmestev	
Grig_95	
dima11demons	
deatlon	
tsi	
Dmitrij2807	
andrey.mtu	
korskov.r.v	
alex.kolun.dev	
repnoe10	
host456	
formulist	
daryatikhomirova	
metal1st_1990	
demindm58	
nikleft12	
hanagantig	
alexander.vorobyev	
1201576	
rimsk-i	
ivdovin	
antkhit	
soleil1843	
ndreamer92	
soveluman	
vysot.zubov	
stgnoyanko	
valezobuf	
deyn32	
singglerr	
vasilibapb	
rustam.shavaliev	
taleb4808	
kussart	
mandzhievav	
cryonighter	
vladimirbykov08	
j-sverhnovaya	
ilya-pribytko	
ablamskiy.d	
SergBelom	
sudonone	
merzavetsboy	
sd.kuznetsov7	
digitalfun	
i_sir	
sagynovchyngyz	
ksd921020	
Alfirenko174	
ralew	
sam409	
igor.sovmar	
zendipy	
supercep110	
timteplych	
linux5	
baldessariniian	
mikhail.laptev	
ale.malakhov	
g1yyks	
ms.samename1	
igor.a.kovalenko	
windu.whr	
deminae	
lenyamalygin	
frey87	
shoe_info	
gm.rustamov	
kriptonuh	
asheludko	
ph.sarbaev	
masdmtr	
oberonru	
bcrichwarlok230	
j.petrov91	
egor.rad	
sashagmaster	
chuchunov_mv	
romakf99	
lunev1981	
geracimov	
alexan.sergeev	
vladimir.likhanov	
belonosov	
ruslan964	
on7j	
ruslan.safin1	
haralil.yt	
vad-kondra	
rgudovanyy	
parfenovevgeniy	
2belonosov	
bondxxl	
vanka	
melnikoffaa	
isiluyanov8	
andreychas1	
Dante1917	
mail-kochetkov	
shooter_2134	
valeri.lysenko	
HalayvinKV	
a.podgorov	
danil.turivnoi	
maximdudin1	
marhabo.batirova	
uspehgp	
belf33	
shevadv	
zevs1300	
deminfh	